Age,CrackWidth,VibrationLevel,LoadStress,WeatherImpact,MaintenanceScore,FailureRisk
52,12.151104445871457,13.985176923573961,43.404545330716765,9,8,0
93,4.8870631092930905,47.119350955111656,88.27868590135397,4,3,1
15,9.964953956978803,43.66683308619239,75.74467248629112,10,8,0
72,6.60696962561828,8.088210567605481,68.29418539566294,5,3,0
61,18.67383647519749,39.31379783785472,81.66165360065689,7,10,1
21,0.1506872626814948,28.729369115888332,77.86207314355441,4,7,0
83,4.506655954250565,28.32876810857093,13.2344807429398,1,2,0
87,7.307136393481153,19.55213815290872,45.52609184603453,9,4,0
75,9.756196016174759,25.057649959100488,93.77265675848409,4,6,1
75,17.016350356722924,19.858938871460552,21.31518420930036,9,9,0
88,1.7577524908028774,26.98663093799714,76.33868953888461,6,5,1
24,16.11729773482287,31.397502638631792,97.71326302017967,1,9,0
3,1.1130697871395068,33.71519032045242,14.697876614047447,3,5,0
22,16.846280705963633,26.62405962797131,71.39744925639494,2,10,0
53,1.0327095574902567,36.07110336643659,52.133872717092736,9,8,0
2,0.3648496285672209,7.06390246377529,62.12577298372499,1,1,0
88,13.93922924732843,10.599124545111927,17.68072028358924,9,7,1
30,19.945110695367887,40.93675020371351,13.870625668024553,9,4,1
38,17.932205259480416,16.126398892320758,70.01799944958296,8,5,1
2,11.5199683561132,1.1446912488060124,84.09784868386461,8,6,1
64,18.347912261710633,7.689557483401554,80.38138014396705,1,5,1
60,0.10600012795210834,11.180721724815562,58.94251550796136,8,1,0
21,19.50134325890285,47.86614439472936,18.988013902256036,10,9,0
33,9.81497558517569,28.652071446542465,71.92399994524123,3,2,0
76,14.457921932435514,46.63653702381274,31.769999519873135,7,9,0
58,16.417229463067052,28.758167524831247,91.99618324906453,1,10,1
22,14.369145416731072,23.96772200689259,85.44388235911345,1,2,0
89,10.700734640898212,15.686384559704802,73.84446703786517,10,9,1
49,9.53238968252824,30.31854722166878,95.39613602480173,5,6,0
91,16.771651174052494,6.959901230876492,12.827963936014564,5,9,0
59,4.101551202989182,44.913081364635296,76.25803825546858,8,6,1
42,19.359881330084686,41.466620257064186,39.72185014027648,7,6,0
92,14.219049576734966,15.876572393836852,91.54592971177287,8,2,1
60,3.9901385467663952,47.63987638006471,34.000767699577985,6,8,0
80,14.724943673969763,41.2600383707784,75.23708493835153,6,3,1
15,10.596800463622333,33.315344291751984,88.98823176857033,2,7,1
62,14.14460191288889,6.08809555626374,13.749113654441418,6,5,0
62,15.355590028856776,23.911701152403612,45.78828216328325,5,3,0
47,1.7458035917935089,25.30537774233754,78.60781288197448,3,1,0
62,10.12207912718694,11.627567918269005,50.942700055682835,6,8,0
51,18.640286845138682,3.9982697179650972,34.05273668142358,8,3,1
55,6.412843843190286,38.836181523584635,29.782481394087103,9,2,1
64,11.877661951157975,6.101752606219751,21.83664402247401,1,1,0
3,7.3846096301979225,29.714537528088737,87.1416603870654,3,4,0
51,9.085359444381993,46.82245869418303,61.78198629264004,3,8,0
7,10.972062358763065,43.805259629902125,16.874645049231038,8,3,1
21,10.978439597779545,13.887631187463057,44.43222912135719,1,1,0
73,4.034609246604717,42.57243187756327,43.09602857245989,5,4,0
39,13.691430957596666,0.01662530602447032,26.35652716385167,3,9,0
18,1.7573622248531362,0.8843904806628611,49.195686292497165,2,1,0
4,2.7764954688404075,30.127658192143247,39.88894288538228,8,2,0
89,0.05421798828659341,18.239910957226474,40.76233349429643,3,9,0
60,2.3339212828336264,19.323042057957355,76.51239020091629,7,2,0
14,9.463324021037845,28.222054533944124,30.093704695467668,1,3,0
9,12.122037621116773,9.58912277959303,67.76739629698199,6,7,0
90,15.885788999329248,10.587767533273917,61.35846614928414,3,3,0
53,2.1339850022687212,24.230079350943235,61.128326110408054,8,9,0
2,17.014549200329093,37.71267721719315,69.67066115275983,6,6,0
84,14.919490510974363,30.974887570379384,59.35438325760886,2,3,1
92,8.170365858718338,14.867752411841945,89.13296033617462,6,9,0
60,18.658761341999092,21.51685887544606,70.80220827552338,7,1,1
71,19.81858952914781,8.53323792749992,59.22669262342493,5,10,0
44,4.100036201064745,3.7314907168540854,84.67868082588804,3,3,0
8,7.584571699276008,39.134802037207464,64.55319084401317,4,1,0
47,18.52898847179422,13.26937045940973,36.20298230066611,4,2,0
35,14.431931015025544,8.88831939256241,28.638542635891408,6,8,0
78,0.9618928792817538,34.58090277846597,23.70950070964109,10,7,1
81,15.630289635028298,30.9025837143593,90.95096912914914,1,2,1
36,16.558817743549838,31.659481300673203,73.91218886182592,4,2,1
50,15.01003849530627,11.444730242330682,94.36405943478887,10,9,0
4,15.990742618390312,11.63227692813405,64.29626251434487,4,6,0
2,16.502653533855945,11.040131489281958,52.60607933454213,10,5,0
6,3.728099735762882,8.687629783114726,15.37448400738004,1,10,0
54,4.713834921299995,32.78618362808282,70.44780533914269,9,6,1
4,12.675171274403546,42.40079426247007,62.398788379140804,4,9,0
54,18.15732260925032,36.215873483833064,99.11880042288593,7,7,1
93,6.323931645929893,39.60468168802716,31.524290000401873,3,10,0
63,11.766133515901133,20.239921454259992,57.76636197581523,10,10,0
18,13.659641268342648,32.703789768599904,68.58616016062653,3,9,0
90,9.038972025980785,17.711812022238725,68.01320572681092,8,4,0
44,14.27564909710652,26.275231098432002,60.51641886535624,8,2,1
34,17.99334890584346,24.081742326743118,79.92352092945029,1,8,0
74,12.482030883636753,8.84435725719272,28.44830885741348,10,4,1
62,10.79562123829266,19.35393801678154,75.30644802469743,2,9,0
14,8.77489350776678,48.19111377411755,65.77611142897803,8,4,0
95,11.549725418122513,12.429012885747104,90.6467600615116,1,8,0
48,7.107249036367918,6.690186813974436,86.24749951302235,8,9,0
15,7.829642204030039,20.929031081196765,38.36323352192979,8,9,0
72,10.63714959376348,39.51688679300741,34.86135924776377,2,10,0
78,1.3323822478163394,29.107411488998615,98.34879914672031,4,4,1
87,4.580507818495927,34.04874136191223,57.45386628237309,6,1,0
62,10.856986212268179,9.48474240873386,91.57788675229932,9,3,1
40,8.630562862728851,30.947409650386078,24.749292140243398,8,9,0
85,6.656315718249686,16.17501974557369,67.85370233201569,8,4,0
80,14.61098273618603,41.71516829773837,82.88741686245275,7,5,1
82,13.87435214806677,31.46494030053681,95.26557246278021,9,7,1
53,3.334615199867663,9.942813888764796,40.36061269153211,2,5,0
24,17.572582307468764,3.2308339922043072,75.24830529316472,3,4,0
26,9.908472528079313,2.131660464351637,58.49317081356571,10,2,0
89,14.82921822278091,18.570428382507036,15.456603345982138,8,2,1
60,11.463016985147775,13.292556832715674,72.0999763578049,6,4,1
41,19.953852318476866,32.304506173125404,72.10869024140591,10,10,1
29,15.048062400776454,24.966691748930913,93.75461243618832,9,10,0
15,14.139609224869181,13.300963900269036,54.758120155207514,10,9,0
45,15.571438781015022,7.461888897508806,30.72258286394632,4,8,0
65,2.8625597109693923,6.35998813437248,14.010744110381124,8,3,0
89,4.090891863389265,43.233019607020886,47.407796801731514,10,9,0
71,14.281281644472283,12.173898420243361,37.17250300697516,3,5,0
9,9.879629742617253,32.58553239554842,78.49794754214881,3,3,0
88,15.092705837202331,40.53429639931331,41.884098835694196,8,5,1
1,2.0583206148829003,30.704065559236803,95.41640766833595,5,10,0
8,10.729627029691894,42.97826158234729,96.60791826890058,3,4,1
88,7.576431311138315,19.619686076423726,65.88177311959373,10,8,0
63,9.140004385633567,47.81110953244742,93.57942583133946,1,5,1
11,12.07915744145025,6.657250208904847,78.47689100630461,3,10,0
81,10.045766949250602,5.107476482876905,59.21736768776135,9,8,0
8,10.797212742256734,32.93460731037218,26.22771418805003,5,9,0
35,9.727149639912156,47.14155707066309,51.2738149162456,10,4,0
35,8.179103541709864,40.4441730818164,60.47870170263558,2,7,0
33,15.4376396119649,3.8208429719025716,87.75654226615092,7,2,0
5,0.24406144636089033,13.968385696735819,53.32000388820984,2,6,0
41,11.968854024104541,46.515944241891184,90.7907205410161,4,8,0
28,11.310166946459477,12.652921640039228,70.6914081121122,7,7,0
7,14.323581494659043,39.05852118934596,22.329915674830424,4,7,0
73,11.98058729554653,41.25660979643519,99.54832323925837,7,8,1
72,16.535976556181566,24.77260517304909,57.45093946785214,7,7,0
12,19.181495891280555,19.317445492415775,45.2672466768171,1,5,0
34,6.850485143570868,22.506221620987983,69.32023880225739,6,7,0
33,4.547019660599741,11.348234718268207,19.800398258293516,9,10,0
48,8.471937248409658,44.46954580644221,67.28847820780189,2,3,0
23,5.7585923295145225,22.530982836487894,54.841240044934565,3,5,0
62,12.29900526305309,44.12297202280499,46.60066629987248,10,7,1
88,18.237048176859293,5.284673995313705,95.77180190610092,5,9,0
37,2.7823238828612373,49.413763550006564,57.02857450588479,9,2,0
99,2.01589206031773,22.163654372180915,29.72057315229446,4,4,0
44,5.120310637073244,2.391541019705273,51.30671314395688,1,7,0
86,14.521911721248015,1.9010924118727457,92.74486641154054,4,1,1
91,11.859258105176432,37.31036287409193,25.84859241975352,6,2,1
35,2.044253284503992,32.95177671018404,29.256133481941323,5,9,0
65,18.37501044521493,40.10652790637938,11.172661098137537,1,10,0
99,15.801692742481734,5.2683766976402975,11.277104445619045,4,7,0
47,0.46045209575275026,1.7785433517774174,84.64524642626613,6,10,0
78,13.027344219764922,25.428964472378922,75.89103461586602,10,7,1
3,15.42493337039476,19.379761574138477,41.95369508067624,10,6,0
1,7.48870739440844,23.09734683354779,72.84800415048156,4,3,0
5,1.3784307873443757,49.5794204435137,45.56853336789732,9,10,0
90,1.546421309775745,48.53749788353351,95.76071163980447,5,3,1
14,2.08493932103619,47.11576948365964,97.03474132834313,8,2,1
27,16.80879263960846,39.19213383838369,45.3514398228409,9,6,1
9,18.213723965114262,17.74206801284452,86.87997157067812,10,4,1
79,2.456215636914676,20.60654651313858,79.57801375277195,5,5,0
15,4.718120691901624,27.480802185946224,37.89999434546104,6,3,0
90,3.3104102073457953,41.52672282024199,30.88358460109954,1,6,0
42,3.7264175898824137,3.435641625913388,51.24111853535504,7,3,0
77,16.749815780049843,21.214844294244408,80.32139565529656,4,8,0
51,6.642928253098779,4.1308831729634345,96.41510062558709,2,9,0
63,6.228885280912824,25.73287932867558,78.72211619799153,5,4,1
96,4.5479124175422525,44.94504120031177,86.9686286516533,3,9,0
52,12.157887875885173,39.124246228196895,64.27578755534648,6,7,1
96,7.586113967710977,11.392120877155499,85.18670477579133,8,3,1
4,14.884993036865776,48.799542479939625,80.5978772203076,7,7,1
94,4.11159616751275,33.36751990232142,43.928698773365205,3,1,0
23,15.755797774289848,0.5213849698701534,59.6791271908649,8,3,0
15,12.07443063460278,12.770674234260976,82.42778097907254,2,6,0
43,2.285346001113755,13.035664995995827,14.145106077096074,10,4,0
29,8.290091684072554,3.4627153142929967,82.7271354120247,9,7,0
36,17.27036281225914,47.99132590379645,26.00993116441211,4,3,0
13,18.459204635969698,23.912764728796187,56.32152554092951,1,1,0
32,9.314002446376264,44.7907298685941,82.74478956003439,8,9,0
71,9.616739561781472,16.110775172231417,32.84389703410254,7,6,0
59,18.369094498786023,6.261678521641356,32.122669537553776,5,8,0
86,11.741364482731345,23.716805495310695,46.248795861602666,10,3,1
28,0.656933404868767,5.697831735715858,90.5178517819871,5,8,0
66,18.254989257582576,24.300775148876998,10.03985032934871,7,2,0
42,4.964528855143038,46.01485906097039,91.12447869777415,5,4,0
45,11.552639081830945,26.038407091710635,23.8426322177447,8,3,1
62,3.3102663485594763,30.824986344754173,99.10777384607339,6,10,0
57,0.6775832049318997,7.831921848690415,95.93622937346213,5,1,0
6,6.229463422655148,2.1867812939984743,54.5207670632155,9,7,0
28,15.609914150921753,5.5403981089903525,56.144822303136536,2,10,0
28,5.551743452588362,29.926578784218282,53.339440624826885,1,2,0
44,4.401944281621941,4.750584949615233,67.18992810935703,8,4,0
84,4.253615686824526,18.79964449706557,18.164953201143796,3,9,0
30,10.303473648136253,27.504597022907802,12.935615350740985,7,6,0
62,19.510826313655127,19.43263993149235,15.193263557430896,10,8,0
75,9.17977976034026,8.184190073265075,49.99288143173629,8,2,0
92,11.146107377800957,13.689565375705326,34.7993145297535,6,7,0
89,17.212640357814678,46.41587664242885,65.98356061338944,10,6,1
62,10.701394378673172,33.79911377931777,99.31980604373011,9,9,1
97,3.689257428377122,24.80239193399433,44.769085576881935,7,7,0
1,5.991918235329541,0.6357444993446759,61.6457128694062,10,1,0
27,6.198738525372218,49.62077002447351,47.40435063166019,5,8,0
62,7.946362309151958,33.572746744732164,86.25445009496734,8,10,1
77,8.535778106734988,15.846123867247247,91.20127631160143,2,3,0
3,15.995640441485389,43.96343299989191,88.9620050984734,7,2,1
70,6.98773998098666,12.921581014590904,97.69350148113318,4,3,0
72,9.364636568827587,27.20082895913758,12.476726662637375,9,6,1
27,12.499519741021047,31.803538186491252,85.58345459309778,1,3,1
9,7.554518948803386,11.053168572686422,77.6594955735184,7,10,0
62,16.73129626584666,48.91986394002979,30.582496846032832,6,5,1
37,11.749072084681487,37.409595298949874,96.06880840487747,8,6,1
97,5.8808935844194306,27.890661275553498,23.33601354069509,5,8,0
51,14.281183995796564,9.029729908765043,71.15949344205175,1,7,1
44,10.552954602895717,2.6929103499013065,30.240119513432123,1,8,0
24,10.689117825144939,16.002991626049173,48.82425838966672,9,3,0
79,9.621758967751719,37.65936679567014,74.7243907250112,10,4,1
59,9.940238976424979,13.466564915101253,60.6992177829742,6,6,0
32,15.307125621324813,26.977811024775256,48.47516481953005,10,7,1
96,2.0596295866263103,36.39735883653716,39.370458783878846,5,9,0
88,6.6872562262096436,5.3971857323232175,85.56936901379113,1,1,0
52,1.5100672760777845,34.264900805793665,22.943291528333233,6,8,0
62,15.064924414949017,4.593544385502235,48.709258887682005,6,8,0
58,5.446037094405989,48.25648710634983,91.3381814597628,3,6,1
52,17.948608196377684,24.419706503246978,86.1264595413971,8,4,1
12,10.531569333185875,7.533805385493869,46.0847586225742,1,3,0
39,16.014995429722422,17.119181801677325,78.67975272411775,1,3,0
2,19.578628712319222,20.670822464763074,84.08447476379733,6,6,0
3,16.79577718913141,37.909250553826865,89.99986816032667,10,8,1
56,17.33987520023047,37.17118930383047,59.00551921443052,1,7,1
81,8.159689907296894,30.597025266866552,28.40147974492406,6,1,0
59,11.034451905186796,5.296535627924648,32.977816885353846,1,6,0
2,5.077771280866086,7.57846857938368,36.61252066374438,6,7,0
2,3.922261993869056,4.6878460322778315,63.4422232728654,3,7,0
92,10.110157582120676,28.858639164377504,12.95286617157476,8,9,1
54,11.900979594008412,43.856922075570196,67.24382219019714,6,10,0
87,6.7854249179238195,21.69002561273859,42.79188145854088,1,5,0
96,11.388870355270006,8.04240869788731,36.5717622240678,5,1,0
97,17.74920965027006,27.902116257448352,89.15469136553138,8,2,1
1,11.134431695667322,40.587610843285496,51.4002156022719,3,4,0
19,14.416261926210133,37.0856030756465,18.55477409794235,6,5,0
2,16.106299347158103,44.072538983751066,84.40720912236223,5,9,0
53,19.774575639108857,13.895104862443391,14.287713169285594,6,1,0
44,12.063948043539591,9.697693363388742,75.4074301751377,10,3,1
90,16.13700297925172,43.990824297096935,79.65155995935986,1,5,1
32,19.252986371097492,32.878015638901154,41.73423453359723,7,3,0
70,18.888194511545468,15.546446500377709,84.2309070650008,9,4,1
32,2.8216369755542714,37.11740252862546,56.40934652708081,2,3,0
68,8.12784616547044,40.75591922401839,51.696428794551714,10,4,1
55,6.479801222135992,30.748912017056618,14.08629533218233,5,1,0
75,1.7385002990069864,34.394205493995756,36.10262742840153,10,8,0
56,12.66481549821921,18.762995222133316,93.79089737967698,4,4,1
17,14.718092263920045,26.934783367151955,45.264156695515,6,7,0
38,16.96256190933767,26.207958536308112,59.203046850109146,6,2,0
24,2.45553779325417,42.402389556538594,57.88195110858266,2,2,0
69,17.528881517505877,41.998199014109126,63.1387980840424,2,6,1
98,12.858511272285064,41.63402346735216,15.519786007895435,4,2,1
70,14.078922702770189,0.5515807131232897,42.59586293188555,1,6,0
86,18.21248007080608,37.47727422344441,75.08154464942987,9,2,1
11,12.495225420865022,37.93381950555024,28.050422596568463,7,4,0
16,6.717317142996702,33.91894114275709,28.322053979172438,7,7,0
97,16.502146628453197,37.81323289457263,10.908154602012225,3,8,0
73,7.261184243901811,42.09851857483544,49.37337339473888,3,3,0
59,0.6845622164105825,23.515952705089283,89.44609426060798,1,9,0
70,16.613090131304993,25.10251067442236,14.671084922857812,3,2,1
80,6.903842897625512,6.235702845569524,27.200683854640236,3,8,0
93,15.476690464026806,19.26879415236809,37.90760845084796,4,8,0
3,7.255157893318909,32.16825899558921,75.85522629077916,4,4,0
20,17.221360399494433,39.019988807363724,67.65720335223278,3,1,0
59,4.390210501619174,10.860454884560527,47.434951412366956,10,1,0
36,19.490945303977398,6.89114495796177,78.31620453325381,8,2,1
19,15.595175495760616,33.15210022502461,64.86679104912118,8,9,0
90,2.2847585184079366,0.09399417624553208,90.64367196914972,1,2,0
67,11.31553239933121,8.918629215366492,83.62240742248237,7,2,1
19,19.707346244834692,1.4535690171976867,32.75322454802805,2,6,0
20,9.421309053876287,8.344255892743547,34.42947198707802,1,7,0
96,3.642142776431665,9.065963996275261,21.282082821314706,3,7,0
71,9.695567343006923,19.38367973751971,40.32682531457108,4,9,0
52,10.249153117638432,20.1163562343278,99.95895268471848,6,6,1
33,14.833738884573311,43.713123530511886,46.51760517535549,10,8,0
40,13.976917063218089,25.505485624941258,29.843959122019577,5,6,0
39,8.05100087193961,36.17023828061431,78.62345960279977,4,2,0
82,4.36046214988173,5.206867896014372,58.82239031163905,8,1,0
1,12.90108335538659,11.271937773184693,23.46413045742573,4,5,0
11,8.434078691065636,35.14717204893384,44.26207130447792,10,9,0
92,2.645524222506608,2.6401980234264046,47.302274398540895,2,8,0
57,18.011446024727714,24.329883112187655,77.84467305122968,3,4,1
89,13.824437152193088,29.968448283146692,11.860423200271402,6,5,1
50,13.663677128909628,30.107282202624052,34.21176821184794,8,5,1
23,16.451677518233478,1.1466405634021015,56.58366711839698,8,6,0
31,10.593233573101621,16.105400211459276,34.196206820755904,9,3,0
94,16.301088568049142,31.8245325524577,66.5590642677099,7,5,1
42,9.961815070220116,7.449986807462173,53.368073134715495,2,2,0
99,1.3435079983142018,34.77078241640266,42.55392293736226,8,10,0
7,8.104961760553774,37.296260440683724,95.4287764183461,7,1,0
16,9.949297879597811,49.098459522307266,66.89435492678118,8,1,0
90,14.404051632645915,10.492099742820471,21.694723504114712,3,10,0
60,2.131574602573487,41.25653338330576,60.408252769905594,7,7,0
2,2.80037077320898,26.0148288459327,80.26586678808108,10,2,1
1,5.273676052692329,18.67312980720867,73.76407277435176,9,4,0
48,5.329967867417644,6.118837866258897,25.488030636573345,3,5,0
12,14.643691569181247,36.77528032437688,97.5177999136093,10,7,1
69,5.014613211231955,11.792879957184354,50.39322811719454,6,2,0
37,12.661961267148952,18.571100093652287,24.312250336623517,2,6,0
32,9.885477002765429,3.127111344868422,26.217617871533314,2,1,0
9,11.465887563588012,40.068345790975954,18.841149297017246,5,7,0
99,16.762139263565917,38.32942619858217,82.31662975914409,5,9,1
19,8.087630030980486,36.680791502115625,20.98274448896638,7,5,0
48,15.41822754128541,14.972175524594334,21.261273142757226,2,5,0
80,8.440721191013747,8.674003713297862,86.5424453284754,7,4,0
3,7.0774275312249895,31.877663223511487,41.014367600280366,5,3,0
20,19.17254354626441,24.808319205660972,12.77721138772652,6,9,0
24,3.6874184135792643,8.91262334523208,14.67057695665698,8,5,0
54,1.8067392115521574,34.295563552493185,22.795340203350598,10,8,0
33,15.41971851070957,49.556321591065185,29.205401317812058,4,9,0
24,1.3649941070818317,37.360979387101885,69.86315748145648,7,5,0
75,16.741579814060586,36.99931933428059,24.159365200164544,6,10,0
72,8.743867927144871,47.51563764652958,20.69869520593648,10,9,0
36,18.31027354583828,10.14681837874511,78.82472273286513,2,2,0
38,14.430657222438112,28.27749824607202,70.3949755473923,8,9,1
84,12.208093340159152,48.98233575169417,49.17917993097126,10,4,1
99,18.986135941155315,8.264705548508728,59.43787943320935,9,6,1
89,7.932987461041085,35.012597972226054,38.07856182937766,5,6,0
99,19.08173873079266,29.2905072985951,53.42503782118246,10,6,1
25,2.7000255484241387,29.323954609435347,55.60053840844712,4,2,0
93,9.675098838648255,34.88353137600376,44.85135440602863,6,7,0
18,5.398224447843898,46.48084614378421,91.59149896049465,8,6,1
82,10.796855578163868,39.1290969925669,11.445567848290553,3,1,1
66,3.2402775578316922,2.8068051708105,80.39541367821215,10,2,1
54,16.830593206200867,42.636400993785564,21.19445481171919,1,7,1
35,16.928156986291146,11.277066496286631,81.77926244834795,4,1,0
80,19.10472625446958,18.8457082368186,65.43207241090491,4,1,0
61,3.0934428176647244,23.08664068061911,85.89502818427621,1,1,0
41,12.466651018099814,24.045300037653483,18.77628930768077,9,8,0
33,9.484746174007393,21.75901996276784,60.308257068979664,3,4,0
68,6.887674640884665,46.86766471079322,55.09790922359774,5,4,0
33,7.030803222684376,35.30095038320123,73.55738646670227,6,2,0
14,8.255871012135046,31.558532297835317,58.08614967043082,8,1,0
21,14.098510993779062,2.492101389147078,58.66611104197938,6,10,0
48,11.965721165363092,45.195666513018736,48.66363492184582,3,9,0
20,9.193630255222622,45.46950960041981,37.79509816066067,6,7,0
8,1.5186682073924418,39.01065317150512,53.403792512697294,1,4,0
7,1.5553068815791415,0.3514601906809578,20.66431228915605,4,6,0
67,0.046787812515565186,2.864012553881168,96.53620050847763,6,2,0
17,19.353987764141728,11.261185113424489,74.29696872639384,7,7,0
33,0.1050763711676983,6.5674704072453345,95.7220405019062,10,2,0
48,2.0618749202748976,19.941801485186474,30.405464409696695,3,10,0
76,6.291931136188218,46.13115290438948,89.14069181588752,9,8,1
59,16.148605036335223,23.603021709849912,82.79109861071846,7,8,0
86,19.241975715282354,0.6701313216082805,70.94371712119063,1,1,1
22,15.800271175837121,14.137284478938101,66.25262674766851,2,8,0
30,13.811204648912812,2.229745418648077,38.489469874108295,1,2,0
38,10.426013348271388,1.8143811306751079,83.47697064685276,9,6,1
51,1.7341042372436721,13.785992654777612,55.136391533176045,9,1,0
54,19.163415860078608,13.78061693394727,16.38024183021568,7,5,0
8,15.16784827891363,39.3563301300802,38.1576844769617,10,7,1
27,12.778987706685236,48.7417326390556,94.17673886907949,3,10,0
27,15.180716910776997,18.560354694499914,86.56122345443616,5,1,0
98,14.482066585462771,21.44434394305193,98.37151282688852,4,2,1
21,12.744631595789738,42.23947181430107,66.51940443436882,7,7,0
30,19.611536003599763,13.406951004775669,32.27590658263708,9,6,0
97,18.0672762527205,7.819090220172398,24.65335447091774,2,3,0
28,12.933298382343267,42.65448117018252,26.822299654761547,8,10,0
64,13.863504229138496,2.3250293220032745,11.781609251252895,9,2,1
97,1.0319161331742,30.984972009970786,45.16138998873453,10,10,0
69,13.398349291000784,28.099642373340338,27.228491244958825,10,4,1
61,0.8833087542020035,17.296022375084714,47.04899144110322,9,3,0
48,11.765275139398621,15.75947605486795,94.14949886548888,10,7,1
19,19.987069991316698,38.59288630908107,48.748618855647095,7,8,0
4,11.116131628743593,4.321230538127324,89.01860472863514,9,2,1
35,9.464202361626668,11.83921546556927,64.49542899542888,9,10,0
64,6.257097130111751,36.62243659190449,32.241839919525276,3,7,0
49,2.410451575729289,27.41602918632121,42.026928333329025,4,8,0
17,14.620473429165632,6.399410426679319,17.55275822392865,2,6,0
44,3.8519805557126086,44.106780714103,40.011633423640944,10,6,0
92,2.3056404249456874,19.672392328179576,70.97868509531807,3,10,0
30,8.435253194610251,41.39341876610864,16.489998363649168,5,1,0
93,15.906836759181948,39.38565077638543,28.48612676302264,5,4,1
46,14.901290962404408,31.2212723235864,44.329693727198034,6,1,0
6,1.0976522929294985,24.724056564754648,98.38445833143663,7,4,0
99,9.102873700723123,48.97754201908784,80.63756406629922,7,2,1
37,10.44869152142338,7.2482536189908515,76.01380718428935,1,5,0
24,12.890933012516443,36.25778637755574,20.45718608729014,2,10,0
93,13.003347008864562,9.55953507323945,80.28963042534923,9,9,1
46,7.293944989146118,16.91315526661742,80.67419303644137,10,10,0
53,11.21354388007028,15.434937168659763,64.09924260618953,2,3,0
95,9.621237676881728,47.35179938693615,99.13256037985347,6,8,0
99,17.699967130465623,48.36780888941376,39.272851533209675,1,3,1
60,10.605302652698004,9.150772211736358,94.71452034176664,3,6,1
97,8.820643234963232,1.1017580148752093,92.32580034608533,2,4,0
63,8.089708993637014,36.000401983155655,11.033259377444006,3,8,0
85,11.448555188669314,20.899496693524217,50.510487382733,5,6,0
32,16.07953958801795,4.442012254378219,97.93938097464161,10,8,0
87,10.76802980761575,34.18770527885213,19.28092261672682,6,1,1
33,13.233103501610831,27.255276413034984,59.300622494498754,9,6,1
67,14.7571153381305,49.0258411000553,98.10617563369937,10,1,1
18,10.403362197574637,11.370474793068947,59.99458816952742,4,1,0
25,8.536341133097288,20.198893816327413,27.08337726749404,7,8,0
95,17.53330755724899,27.127290169771147,62.396490708333076,6,7,1
54,8.350121680557843,39.584999422667586,28.399651655459216,2,3,0
58,9.238857011511751,27.441932836002934,56.77338366050358,10,6,1
67,19.806826266835543,30.64500804309746,16.66379961211132,8,9,1
46,0.00475047151769159,11.307352579497037,64.49344022929643,7,7,0
24,3.7094581915344493,42.345936404427995,56.51109452153424,7,3,0
32,7.679277798394515,21.431527348523787,76.61452318853168,8,6,0
47,18.651798188505058,7.0479813760884635,66.76304240429064,1,4,0
86,1.4005941149494205,33.209395725270866,59.4645641677681,1,3,0
23,0.1897086725699615,10.804522659265375,72.0800964323309,8,9,0
66,1.0536767195445718,4.878125511964987,22.954772221500775,4,10,0
27,1.770868212272363,43.099345420213616,63.582369513274365,5,2,0
2,0.7519354641252174,23.008113224421983,25.48995425404999,8,1,0
90,9.595626537130094,37.46418563478882,93.29699870666929,5,2,1
17,11.615144144546555,14.529377990317755,16.150069436104378,10,7,0
33,5.433739421380082,39.34850674588331,48.733727472171395,4,10,0
9,7.965747679512711,5.596796351076517,72.62177298899005,6,1,0
43,1.8339867022286027,17.798668689742637,51.22199905014329,5,6,0
48,6.727409276568441,48.903090898676425,18.28857279096121,7,7,0
39,10.450383832690463,39.699485818400305,59.804111451403664,10,9,0
93,14.645436143692903,24.86279651573441,67.74687179446191,7,8,0
42,0.06692724085958446,16.988873578094253,73.34130798914569,4,6,0
26,9.34621533075305,43.606785001123825,43.5933833016483,5,3,0
99,5.940057529097644,27.242387954225784,60.729397392588595,3,8,0
50,17.056436433838027,37.92125089345556,50.56178274450218,4,7,0
25,14.31106630468484,37.7053840158082,70.4850434877028,4,3,1
24,11.782170689417896,0.8972839284245915,62.520127059233666,3,9,0
13,5.545312913935472,6.312689139630673,57.318059760322136,10,2,0
60,18.206782041150685,32.98146831973711,32.45719301544238,5,3,1
7,0.9020135444064636,8.080990564293572,10.181666597341053,5,2,0
57,2.189351973582303,12.774667232780235,25.667350778028634,7,1,0
36,7.832602810807121,47.33189770998036,20.535943728175177,4,4,0
45,2.488751145937127,28.009112918745593,50.41762705098521,4,5,0
20,19.1283139511885,37.53647534996736,65.10323356856603,9,6,1
65,15.959786442867667,27.899036939131992,29.177650781632735,6,5,1
8,5.179653032036273,27.62568073913626,94.51513863704685,4,1,0
16,11.771084579464908,4.707595506284895,10.6013916301499,2,3,0
14,19.646610301601633,17.18315963045515,79.50709136488086,6,1,0
76,17.683979562630057,14.121544934325586,66.2684292577398,2,5,0
87,12.01596892884396,19.53641828068066,43.61993209429137,5,5,0
15,18.07447934350541,39.91720941121641,14.544004997116712,6,6,0
92,19.783698196267178,18.59663339584324,66.47379146058515,4,8,0
98,14.867056457872483,22.584840961584135,44.705216157908325,3,10,0
66,1.2997281896578805,19.869069524265825,94.26404254718972,7,1,0
32,8.031604728509748,4.6703985987647805,58.77910674007893,2,4,0
87,16.75651470566491,22.053607912539185,94.56863601641574,6,10,0
63,4.61138391610038,9.780463652225752,29.84353241259737,4,1,0
86,16.61285035501249,9.336164788652074,75.3153319327693,6,9,0
51,2.4067752406999188,4.701805221713318,65.55241187638532,4,7,0
25,0.9389071429562601,17.833548707088237,76.54674068481806,4,7,0
58,7.681812229824992,37.87409423947087,29.320107757528312,4,5,0
63,0.7346387485322725,13.822084529169803,69.84950646139964,9,7,0
62,19.14540525966651,15.617455094275678,54.82363537511821,7,2,0
22,16.52411391587932,32.13373288362118,76.85424774156846,3,4,1
58,16.015393742597503,9.792040629345944,39.4340179736636,3,7,0
58,12.595558459923062,44.847896521176715,90.10513229187274,6,3,1
86,4.32648046073107,26.00952616257772,17.587118315021534,6,2,0
49,10.365207333527843,22.38014701601085,82.64703869120693,4,10,0
52,11.94548144860682,27.89100959646007,87.51876632335818,9,2,1
42,10.500630017205363,8.301715670809774,83.5527080230139,4,1,0
70,5.204667359030546,30.673656931958813,56.14537548355984,9,5,1
15,10.304958486294517,18.15503683170052,49.45464820276852,4,6,0
54,9.823726817372531,44.85931704823095,99.66360578723891,2,6,1
60,19.926715516134486,8.442710333884307,30.62547560927459,2,9,0
97,17.948722960924076,25.352555193272053,59.21883692884401,5,4,1
8,9.267614964312399,29.9056314684509,70.3607972844093,4,1,0
53,12.458747658702373,1.6691800893190611,73.07808722752887,7,6,1
60,14.957432081844571,18.184656237807012,28.362219916472082,5,5,0
5,0.6973032046764982,36.63176173504164,68.85946831058212,6,10,0
68,17.8984288245568,41.01887537244867,83.65326098332035,10,6,1
6,17.202536328358477,15.658099740864117,14.5016719139001,4,3,0
96,9.148641955474146,39.929663619137564,92.03691639927848,2,2,1
94,7.823395321607595,48.38779385516944,12.655364963068534,10,6,1
47,5.459187497126299,42.8436968037547,42.037392923955494,9,1,0
99,9.533536566607367,5.88219940796626,11.423187660966587,10,7,0
55,0.8875332706647354,36.98651660427703,16.94306516856237,7,7,0
40,17.043870666940155,15.983341622027236,92.00514566620711,4,10,0
52,0.7084473683709014,49.420799470603825,41.937474767153304,3,7,0
16,6.58102730739742,24.267949157994355,48.22943773825476,10,10,0
13,18.631789766379796,6.1216949179470515,29.380994324429736,3,1,0
30,14.704253090469056,36.25927740136954,63.73861931680478,9,4,1
19,5.627819211550536,16.15055991931069,63.532289321001066,5,7,0
17,5.052981879217702,49.85390785408308,43.49803526426973,3,9,0
63,0.10164279636051932,48.989122892726094,39.97313846248585,5,5,0
19,13.914285856995004,32.80670090102903,89.6467877362529,2,2,1
92,0.9756716334634619,6.491322447585879,44.495581567798126,4,7,0
58,10.652050388015242,34.343049883751455,54.41508929389674,10,10,1
55,19.242439451840994,4.65152432300136,35.49742861824376,2,1,0
90,2.1893772010890777,1.4682079551196159,80.80925530214147,2,7,0
90,17.889598619361347,41.1479223110743,45.77033412091825,8,6,1
62,19.829506702900964,10.487647384184068,56.22499418898921,1,7,0
23,1.230340524784701,18.95135631095487,32.80214530536953,7,10,0
9,17.658125382749226,48.67286949880866,98.88936331071265,5,3,1
12,10.321580408872332,16.842025093055163,36.23461668313506,8,3,0
1,18.1302743888916,14.824489064165764,79.36682778149965,1,7,0
58,11.426378838391482,45.91039998113876,48.47460853210833,7,2,1
1,13.242240202131292,5.537422265947906,28.55956645757259,5,1,0
34,10.875578159947985,37.979120505731586,81.97468875683751,4,9,0
96,17.28985760614697,49.4032783326387,40.02461101261389,7,9,0
48,14.678198379074034,45.06480053873244,87.867401265803,10,7,1
89,10.425206243608297,32.5833959353213,92.37314664260407,2,7,1
1,17.363216081030938,15.703039749636599,87.38414518521483,1,3,0
16,4.905710645106691,12.716099058915836,13.150712332612509,1,10,0
61,3.1468131940505195,40.962755243573056,80.86360105045951,1,2,1
64,3.208002106601442,43.99109569758476,47.020551984922946,5,7,0
63,6.680177574904757,26.27174562728464,88.63506281640026,10,9,1
69,4.77380062602035,12.216997039323306,67.4158836416265,7,1,0
22,18.601807010194772,5.647160420558678,85.02788207295626,2,4,0
93,2.11668187657168,4.358973391591558,54.94885928801518,10,6,0
67,13.979814760791754,35.95387236769278,58.15229541390396,8,7,1
76,3.7844307957001178,21.00593639238625,22.994886892030053,4,10,0
26,17.632742655407004,45.26799371389352,80.55886228204199,3,7,1
16,19.22630576369815,36.983565036338184,47.74506505002745,10,10,0
51,9.309400175399672,9.563020895729334,55.00721064444244,8,2,0
86,17.581429604562633,30.688870940784952,80.65879426861369,2,4,1
57,0.10290341509429535,21.775272719907967,63.896086007149506,3,5,0
29,16.398938348162,28.862486538430655,28.09888546984007,3,1,0
78,4.57250323049847,36.90345616692586,63.120939323580345,10,1,1
92,18.17402618538736,40.30979405018954,46.68695721816902,1,10,0
69,0.022402229602189738,42.186866320336215,52.25729878394764,6,3,0
47,11.12363470079514,12.698743728601237,12.5480146962401,2,10,0
94,15.132716075698694,1.5557799958678842,28.902641456465343,1,3,0
62,5.1737666139581595,36.96473675823866,35.293427324292544,2,8,0
69,3.8626572917458613,5.3171863127887296,74.16640070729252,6,9,0
76,1.681964489359693,15.745979430648383,11.034322596830378,4,1,0
16,6.528671530065859,0.19085670621735717,46.789953510621885,6,2,0
90,11.19688624617659,34.083474120081,93.16241833831596,9,10,1
90,2.316877135605153,8.356600573561062,20.069255489421145,10,2,0
48,7.533907239735975,32.76412048458291,56.47819493967499,10,4,0
85,0.18144809305449927,49.587130858391944,80.78701441517623,8,2,1
39,16.373588409996835,3.633543580500814,94.8278176768105,1,7,0
33,2.568974361863827,3.8539005975730345,77.20989755803461,8,9,0
94,5.666858965311632,17.019004633333743,74.85089937799656,9,7,1
23,0.3685543747643494,43.3193257125671,84.38392811761862,6,6,0
10,8.644815677850247,10.776493439566593,50.15810988797893,10,10,0
69,16.802430054824377,18.018890996517378,82.52600793560498,5,1,1
34,7.843024228903932,3.4252703313489787,10.716796427090602,6,10,0
52,3.589946468476668,38.15776456294447,93.21049498391244,6,9,0
95,15.073976681010384,20.415317137972554,49.89758585654578,9,5,1
10,15.776139637414886,37.96243665304214,59.80421690791729,4,5,0
19,3.475069506151336,45.18039221733975,32.93940240233941,2,6,0
58,15.417082170819796,11.638157355064438,76.82777495563793,9,9,1
96,18.94595776512676,40.36980151699757,16.897222582772393,2,8,0
1,3.3275517386454467,2.9546945039126635,88.53722222921517,10,8,0
69,15.419685850642711,44.942369409012365,84.53051461057085,9,8,1
4,14.171440092052588,32.53842737793737,29.445410462028974,2,1,0
16,9.47147776870177,43.71133620691758,82.83919584567361,8,1,1
24,1.1584092111759658,0.009419977829094872,80.77219597553334,9,8,0
80,1.4938883551570803,8.454053517799625,66.89949379785541,10,5,0
2,17.04829318397295,19.487969371324603,43.61681592097188,9,9,0
92,19.80296745501294,18.975145168735928,34.43488787636811,10,2,1
32,13.521045143735089,11.336519146175533,30.860523126041503,9,9,0
91,8.919166140206428,19.080596993360004,38.67480664872464,2,8,0
84,12.951472868038152,6.442435600012741,91.32025990892772,4,9,0
24,11.887917184570906,20.638056463301304,16.987669838990314,7,4,0
12,7.672245208112436,40.11771645796321,84.59841486276628,2,1,0
50,1.312522891480259,23.95350315516756,41.40010675376412,1,1,0
35,16.43025894814882,0.9000044472607494,56.94394564102224,3,5,0
33,7.436670584774491,21.07220207896237,81.50370702836416,4,2,0
33,16.375712867141875,1.358750804542208,89.59388923206741,8,8,0
61,5.050174993767644,48.31217053533991,41.03032780653823,6,10,0
51,0.02058959691266793,6.372697971143449,51.56591331475993,2,5,0
43,3.1787656655351304,35.38441631653094,47.306445833511304,9,5,0
12,9.370788335371687,48.63881614460429,11.19259301535195,2,2,0
67,18.886072699156596,41.30195258332859,36.634859997279094,5,7,1
65,2.0438723938743797,34.96576875631018,51.32703103593057,4,8,0
33,17.08419548923132,41.97304547503835,46.99842479923958,7,10,0
40,10.540481924237241,49.08993466303138,74.97363047641115,8,1,1
74,16.51841531599793,31.06722486267648,44.63232554989929,5,2,1
43,5.967488619799852,27.959240341466323,54.04388040736032,10,10,0
44,16.798943293449437,31.41190552316407,48.6647732919127,5,4,0
29,15.45645560033609,26.63379433807775,76.65635340049334,2,5,1
13,4.601073660628678,31.75445529548594,87.66751590882663,8,2,1
12,2.626702528187561,22.49211039862796,57.87001711067627,2,1,0
95,17.361086450645857,10.922159144165356,81.04889747756721,10,9,1
46,19.264733068802638,6.012361325583782,36.71080138178655,6,1,0
2,0.6260462749503248,3.4170467766130197,58.723264914154186,8,4,0
35,14.625401339473711,13.165789187660003,41.070695830297524,6,2,0
87,18.190490218956366,2.3061782167866918,47.278083301464726,4,4,0
81,17.147201841849974,28.35853899596928,75.91724783314017,4,8,1
90,19.290409445404173,14.191422351176014,89.34962340994414,6,8,0
8,15.201881568761944,41.22674040435161,20.934585197898887,4,9,0
93,8.845975247618206,3.7120436494193223,67.11753308386425,8,5,0
26,6.239039809902609,11.317574717074297,62.392942682001866,9,7,0
74,6.4148548087625485,36.51230735450729,20.65735352583387,1,3,0
90,14.48845345228234,29.94041481917457,29.07048973960982,4,10,0
34,14.916740240619287,3.2245635624583766,37.99022452594122,4,4,0
7,4.007182870974253,43.86197285811002,25.02379637357513,2,10,0
68,17.36245626981062,43.86308814130898,31.93565342719076,6,9,0
58,14.298480804044953,16.520400193788692,34.08407189755368,3,10,0
75,11.255005726867653,17.020292167478235,40.210644973515365,7,10,0
29,9.430649202050255,49.45141791750869,77.44514075210431,5,1,0
36,10.864656115799162,31.30880857965691,61.47209834655406,4,2,0
89,3.1849147655852894,26.565826028402956,98.76220047562613,5,5,1
21,4.074024985525484,41.90760917759622,47.32622442707239,8,3,0
36,1.8232898081238336,14.264516917865821,77.84785664532325,3,2,0
10,3.0731607632222535,21.459129669817845,88.43215792388804,7,1,0
73,9.073872692105653,13.388833774416709,71.10806437342377,6,10,0
24,10.607087874565122,39.45804232943657,47.06782663757464,1,3,0
64,0.3572378495663875,28.6674672817609,77.82351676711777,7,1,1
99,15.935956557280551,32.94125350700352,28.330042399541636,7,1,1
49,5.883359466869558,12.615362491970327,39.479694866211915,1,1,0
99,18.236720699198223,11.011265068865756,59.20167295893599,9,8,0
36,19.350225272275555,24.418731449146936,61.78684485575335,6,3,0
82,3.709177493533087,36.87828745464134,11.992732792536652,2,1,0
96,9.241945815313212,26.261987876008007,95.06027698804078,5,7,1
24,0.02463670332851775,1.6322838772834303,72.69645440956509,4,10,0
23,11.966545302448539,43.42757531601444,54.613337520870196,7,3,0
62,12.146128965253425,3.234344675756579,93.98145109674775,8,8,1
96,4.950799112067504,47.79122418603761,49.51860087257457,1,4,0
37,11.168253451663958,1.2570979138636362,98.23920132433346,5,4,0
12,4.510802848874709,34.72252280653544,56.105628151913656,3,5,0
55,3.2165093815638013,4.110353185589083,20.28571929981815,1,6,0
13,13.030389336045294,45.53382897175698,78.83208752133496,3,7,1
23,6.518509279041497,23.221661811277137,71.10079525700564,6,4,0
89,11.805278777712449,6.876188740850769,79.5688049175028,7,8,0
99,8.664934979433113,17.04078498949233,95.62978258531129,8,6,1
30,19.68702814805808,8.241233767338102,79.88403723859163,4,1,0
17,2.9916128533513153,8.5290955778545,65.02029419949821,3,1,0
62,9.291971932716203,47.40541600857211,87.15780121247568,5,9,0
84,13.609132527186505,22.26230561423941,70.59217954190784,9,10,1
89,7.910901677599373,39.440113195267976,46.73071511433308,6,6,0
86,19.4939970374138,31.980278058884092,89.70577878175959,9,10,1
13,14.437752558538701,33.82131811691961,29.97104147059356,6,8,0
59,13.139677151289861,6.584671923601926,74.31771474178518,2,7,1
19,15.141185352224467,11.709222340774284,89.34071094466813,5,6,0
49,19.05297276077434,39.33751675772184,75.81848677329667,9,4,1
12,18.156373059692804,48.53831032373915,72.75478771484713,8,7,1
61,14.485706162528238,13.133782129932586,77.73744646646524,7,9,0
19,14.983232782025661,13.578438237551993,51.854972347057995,1,10,0
76,2.918441480702909,23.644856640545242,88.67536139413234,4,10,0
9,2.055848089853314,49.19201564277189,28.30928276224821,7,7,0
71,11.418090036883285,13.447947291323553,21.464777440030538,7,1,0
28,0.3673527388108,20.348595481713193,35.69579021066604,6,10,0
78,9.64712763103183,44.574000781175336,57.84196570974938,8,9,0
95,4.206991598377372,0.14605163106810037,55.95056158684043,6,4,0
52,6.920331352896792,1.9882982494284773,83.8538881908928,10,3,1
83,15.516094715859122,30.20358385356096,46.41117907636156,3,4,1
16,18.82475008464773,45.36900823564235,53.59099836623578,4,4,0
69,1.44832544292683,11.942833020096383,11.203091493345607,3,10,0
99,10.684844119528902,23.48208873403545,46.876531279864516,1,2,0
12,17.650669716392,22.523265082890916,68.2996809655308,10,1,0
25,1.6501706888084255,23.648567304775508,11.395749756393297,5,10,0
52,16.490280937936678,31.12598478648726,35.279376866761936,1,1,1
85,7.156027018565427,23.487188149534187,28.716072336045094,1,8,0
53,6.441894044386707,22.37340706612289,13.77868860186294,2,2,0
23,19.549327726295715,23.714421021563027,53.13340809230837,4,10,0
16,4.017181797245883,29.543372063552077,26.355096390534086,6,5,0
57,13.863878816453619,26.850374417567917,76.8773385668242,8,4,1
39,16.428814560197328,42.70679988252522,86.31350953870137,3,8,0
53,0.8236699055854335,2.4748426746833307,59.1026664402233,1,2,0
42,13.407709167088244,41.66585357365062,98.35366082690274,3,10,0
58,19.030999487106538,42.1962306305862,50.54307143235358,3,9,0
39,2.484399334561187,14.245401076548042,56.203138920242395,5,7,0
14,17.924426053700767,23.142597750792532,99.02959785619751,4,7,0
95,11.895532747538722,21.926924426871775,30.839359236854392,4,1,0
5,12.33209163724948,10.925491717706514,94.82913457092147,9,2,1
35,12.25888349731212,19.839842354315824,13.855379960720192,7,4,0
87,5.976717726746276,2.2193886085427215,50.17482012368753,4,4,0
93,18.70403630598919,13.891103639086722,16.30031609197592,3,3,0
75,18.947009252620774,40.834108772535906,75.63112686222787,6,7,1
18,12.506093204278956,14.228115088144877,64.7568042292016,3,8,0
76,15.668454518832293,40.910333437412376,73.59708371208367,6,2,1
9,12.24515971762316,26.579973230221544,43.703235997121524,9,4,1
74,9.687968951480812,43.993133868057996,43.25337406282423,6,3,0
58,13.216402365985013,28.73897771322076,14.078735106480515,4,2,1
17,11.06002905183917,1.483411153236991,41.49504455766758,5,6,0
7,11.949517252638602,33.77101037735446,93.63595620358535,6,4,1
46,15.67665106837724,2.242678401178433,44.13038834624041,3,6,0
13,9.618076628979697,22.5298509491567,84.8230935599773,8,2,0
40,0.8150821218494553,46.4713347236557,85.80929542749406,4,4,0
42,3.2799896197899447,8.260196966892508,43.591704074131044,8,6,0
9,8.772144329790768,19.493617647077205,66.87898123565702,10,5,0
50,14.496531197481167,36.49301544242392,18.583444204575276,10,3,1
27,11.865572966203574,44.11292780474238,19.331072266084885,3,8,0
66,13.005883717469079,33.54715023712539,14.379189729554199,10,7,1
5,9.585578571525746,12.90866270955846,62.29135840375985,7,3,0
29,12.314840438844856,33.73039264581081,48.34638798634873,9,6,1
37,6.580348756293244,14.8363820552045,59.32291209978161,4,4,0
38,9.403651853933301,35.921461490936764,56.89658714575491,8,5,0
83,14.885581311899113,47.70165637925203,41.518269198165726,3,5,1
8,17.436655579462425,36.06967255531441,70.97260733411255,7,7,1
65,8.673106679127777,43.14402514562062,78.26516928247516,3,5,1
86,0.8732331541472238,0.10519215879417065,11.316543298990814,7,3,0
17,3.233450882936053,35.87860623657972,28.651806979199048,10,10,0
71,0.417222785830762,41.47937784326252,74.19122812750031,10,5,1
89,13.065260384746601,2.027936877234071,44.79581553704508,6,7,0
45,6.646292507102178,43.57988636441153,69.62355522474473,2,5,0
4,10.84957271438735,12.834711415502293,41.226639376110256,3,5,0
36,9.86553693567599,33.26460509890276,45.16796370966734,6,9,0
70,1.630529791048534,40.01774395117033,24.281098632071643,4,3,0
31,8.065227222476636,33.133225652967774,33.2407917699544,6,6,0
19,4.411222498446465,4.6142396036628615,64.48705817568285,1,1,0
61,8.367995773353055,29.816075943018415,48.984680018364976,10,10,0
54,4.071565606844853,27.47918283610718,79.68724146501356,1,5,1
39,16.80904812553867,45.016063403713574,86.73264594445085,3,8,0
91,3.483866731565073,20.21198648221046,58.748177639508384,8,5,0
74,19.215611029739538,16.054054854352508,78.24405628504532,8,9,1
90,8.318147322938817,37.49253822182331,37.6214061875113,4,6,0
19,16.924905840380987,20.633766304169832,47.34740938600704,6,8,0
39,12.575296364118902,32.30480875025315,74.14999085951479,8,10,1
67,14.707005973315052,32.322504506230345,44.75907935353276,7,8,0
45,15.354477761335605,44.40195321800589,62.96544416430899,7,3,0
13,10.096897637860355,29.934620115954868,26.683550117426034,4,7,0
92,10.866010467265767,25.107680498099345,63.97941834734482,9,7,1
58,10.279917356174499,6.94356631982585,87.53623365042043,10,10,1
20,11.761167561801585,5.786880333935268,88.1775675841083,6,6,0
92,0.5878889151301459,7.716078264153969,75.19099656965857,3,7,0
72,7.910303396980305,8.592424066354726,77.11780411685135,5,2,0
61,12.12377427122343,31.893854633181697,60.213470063563065,5,9,0
39,11.954471305117288,37.04906251372893,62.62012811492423,5,10,0
1,15.859121892112631,26.499576146320937,22.02855232694662,8,10,0
3,13.100186776642172,41.45088662727455,49.9473269579171,9,1,1
77,19.842666326813447,49.56316133668166,50.56986554977274,9,1,1
92,5.677090572172901,41.0006314559678,96.26480521009661,6,3,1
62,7.183020593324629,34.74411868379796,48.79781763609605,6,3,0
63,7.676943037355926,26.62463497185733,59.440838041248185,9,1,1
25,9.31625614040497,22.44265358373541,57.99262593511922,4,7,0
56,16.71996127562419,4.219619027227117,67.30855453398945,6,4,0
33,4.715841879184197,19.968437419734546,77.34095481987063,4,10,0
38,15.52000414070859,45.50673183910671,30.253768855378492,1,2,0
6,8.106203661714869,40.40113149532765,57.58519771885921,7,10,0
58,12.03710767324017,10.80256825058436,84.33259365844273,10,5,1
44,12.650810664526123,23.330389234860792,51.680324245376035,6,6,0
45,7.456972743778689,40.83616012792723,35.06117917362157,9,9,0
32,10.252304104116103,3.369227739276126,68.92381678206692,7,4,0
45,8.26062349295394,19.369629283432964,84.13906562192106,7,2,0
61,1.3826557237323889,42.59206184369738,15.682626363465218,2,5,0
47,8.74330777633653,20.194893208506187,79.91114350665045,9,3,0
21,1.9478678510710434,3.880732236572043,83.94831396655941,10,2,0
80,8.10041598160643,27.126718426612573,51.53706348297461,9,1,1
85,11.858367996635637,43.08712474591477,98.49750911366206,6,10,1
75,11.588297986870016,29.514277147657985,80.80375066365782,3,2,1
36,13.252425580166406,11.313955410711591,79.62963084060992,1,6,0
99,1.9052301590925258,19.211981006869067,77.30547169708646,4,8,0
19,13.042464910608757,22.50616805909661,23.554729289644662,3,3,0
20,6.242961133928942,28.96331769102634,29.550779780770974,1,9,0
57,7.980918922742221,37.967551287630656,51.75911183179825,3,9,0
18,17.159725078454116,4.94368088203177,33.76039149635193,4,2,0
47,0.18060808259100503,44.482601650878316,47.37168751006364,8,8,0
49,11.76825266681211,0.6154851508037795,89.96176989306286,9,10,0
14,11.974279602002152,18.502616733712763,84.18942026913423,3,5,0
15,7.9331955268712395,1.3710154986328826,66.7035890631984,6,4,0
31,4.740557142166724,19.648711267264563,87.23083548259932,10,10,0
1,4.693480765231022,26.29062994366619,80.53951501155242,5,5,0
54,17.674193393215052,25.584069329075586,48.60864386568014,6,4,1
3,8.84048747565715,8.281417351413268,28.09586368449506,4,8,0
16,6.617787259783439,32.287025504780615,56.27809360084053,10,4,0
87,8.97555147662806,2.238922525233411,76.26059942756952,6,10,0
57,13.387808029187227,38.09534100662077,49.27776388566337,7,6,1
75,2.915131364895034,47.33222169967731,70.00947188055075,9,2,1
12,8.988676704274754,16.988441357555896,18.489468366193925,10,5,0
74,11.757687422207738,25.861969085716595,77.3204262734263,7,6,1
96,18.971667097028675,18.945513902940718,83.14422579037559,6,5,1
16,5.050555641508385,0.3355195152029977,73.61540702024871,1,2,0
72,7.185014958324912,19.293725144755797,97.0537228773729,2,7,0
76,7.587171798448475,39.586012963067326,84.39868517145764,1,4,1
24,12.110763152897658,29.79944210917409,91.27843550888845,9,8,1
28,7.134641060800034,5.0629957307579465,94.02139751118833,10,7,0
8,10.670238505993911,42.35697448468925,82.12131926864276,10,7,1
92,15.635806596900588,26.554267244262142,70.68329578058493,9,9,1
36,14.107711882244072,42.08616808723381,10.514672322471036,7,1,0
90,8.92737293025171,29.01107593925147,51.924317790081226,2,10,0
8,17.28432355348338,27.984422241896993,61.404606876012494,6,6,0
58,11.162804991877257,5.26295925985062,37.362724520319965,4,6,0
60,10.79811679004425,8.367986656931398,38.62940022131249,1,6,0
50,0.6837553187831635,48.601262824829554,96.50434741391487,1,6,0
28,19.73385960714323,11.424337337738539,90.25397786824713,5,10,0
92,2.4594161705925344,48.8726058995184,86.42611049515338,2,7,1
41,4.622618248552932,26.59563532621317,46.54106215354996,4,10,0
64,1.0339367448305392,6.7894523531968565,11.232869536802308,1,6,0
27,12.800059336738274,4.965110137684647,17.220002181014266,4,1,0
63,4.4940235394536,10.443203535287,38.09767313958433,6,3,0
17,3.60020874945447,46.28186650126679,11.416862169610928,10,2,0
73,1.7711116844648278,20.70751121641134,11.54348037236783,4,6,0
33,2.0661791424803133,19.77171339964572,92.494297147817,1,8,0
84,11.693414008851775,15.660313053508702,73.55426519071486,7,3,1
77,13.76415731733191,7.3530925283294195,37.80603910613374,2,10,0
92,7.94757976928802,24.39255985962032,21.938011984085783,9,8,0
29,9.597941631841465,6.502389125556935,56.04721461055694,3,8,0
13,13.719354719659682,41.77401181911638,10.4811544768928,8,5,1
46,0.34759580370959275,18.519849313765324,94.45723694723296,8,8,0
35,6.462613141405571,18.740178389089817,47.33336074500525,3,6,0
6,19.461954961406928,23.700321424157796,46.21014597135995,4,5,0
82,11.602244593909361,22.20638565828758,45.153424682360395,2,9,0
69,5.0844915979498655,49.742898652966076,16.23954973489883,4,7,0
47,10.434600932724262,27.269056060915126,67.44900158126438,9,8,0
25,6.853069762418307,4.410085189493534,75.97032576655181,2,1,0
66,10.644899776525982,30.343867078846497,70.85128578294612,3,2,1
10,2.5148302361329766,7.579214643493998,22.45919439964549,4,8,0
56,2.6542930763855477,1.5468822365670987,62.09561512320333,5,9,0
30,2.870847240787857,48.53710768386241,61.253603575502844,1,4,0
5,18.796395838536835,38.6769445767282,88.15697091472438,7,10,0
33,14.657978366826836,49.005449620688346,44.12148925380823,10,10,0
65,3.247637893246418,23.89392240111212,43.43373492934908,7,9,0
18,3.766981675312029,26.612876557448807,65.6674352846367,9,4,0
96,14.616589497417527,8.416847795956512,66.97653881495617,4,10,0
49,3.1232768958434787,12.34537133337928,52.235670459321135,6,10,0
11,4.691225866696573,41.92746074514141,49.8753426097379,2,10,0
85,19.26693665640798,17.80928235587971,54.47329035740944,4,9,0
26,5.106130494568637,41.34074868982095,87.49407695529807,2,7,0
63,13.232647007422935,35.45068621435159,51.5050211128519,10,2,1
89,19.57262574801061,8.858546263593276,94.59386127728402,5,9,0
86,7.4859353427958535,25.372318305987108,55.360338723669344,7,4,0
59,0.3503198172412447,33.869366075935844,95.42806238628023,1,8,0
27,4.882945808447485,11.751860740191255,84.95487116821681,10,7,0
49,16.61754382683411,41.534425526003844,42.61881903542462,10,7,1
77,17.292176719100734,27.24138287725934,87.72772791669544,7,8,1
33,15.370387290475824,8.26210252213016,19.90569557810037,10,1,0
98,2.2621963815314605,29.14922130823012,93.2542457808713,6,5,1
99,15.910207433928063,49.9856902077957,66.84791635746025,6,2,1
1,18.373555939870087,7.5260745831706775,14.895167367008007,8,2,0
21,12.012190850924721,40.83784650597641,67.98310512857304,8,1,1
55,18.817507126761296,10.365450159377898,97.68228887302806,6,5,1
6,16.53677767423755,39.119416473004364,16.282058915316604,3,2,0
92,13.339430339818145,36.72889615607066,59.92189388020777,5,4,1
81,11.543704734234963,15.024469280021618,77.30149147834352,2,3,1
69,6.97147334483941,16.29115587822249,82.92327280295783,5,3,0
95,3.1857489048561027,39.62606959814596,47.24447187887163,9,2,1
5,12.099078453810817,23.07227559436563,28.37499032514187,10,6,0
3,6.362231072362389,36.54090143559044,13.810805089514545,1,2,0
53,17.328773350552908,7.399207368291738,62.17535413875023,10,8,0
23,19.86673874717257,42.62788909507768,50.76199632408497,5,8,0
53,15.04855525231145,35.54423583411596,95.38699556347399,6,5,1
37,1.809633905741015,45.34714044174169,15.454441694341881,7,10,0
74,5.773711910612763,6.618618951748623,71.68558091014052,9,7,1
74,2.1821926353149945,29.650725018029885,12.246959990805145,6,4,0
83,13.010232955834315,29.956029252016258,25.429075903948846,5,1,1
17,15.303817291115694,17.673037027339124,50.82210999305507,7,2,0
85,18.513496617614237,22.92332122846289,50.93851985225814,1,10,0
78,8.763446928239754,1.8990781644926735,71.71304886402795,5,10,0
73,18.027512991768887,37.2930019313506,91.9191731380981,2,4,1
1,17.55782318082655,27.4661239701587,67.51289430234287,4,1,0
51,6.343914335307971,2.887052593458689,95.8181588066358,7,8,0
45,17.37801251081142,34.037794648024274,89.34540758901979,5,9,0
77,7.513445037634529,23.339103861559394,62.60498159777112,6,4,0
4,5.937385491205616,1.72306297125,85.04127558269445,2,10,0
62,12.981493175887861,48.48038634240477,67.83198492912706,3,3,1
65,6.567624557701621,47.45560715447203,17.070204783135445,7,2,0
32,12.604174966582883,25.645120807359877,76.65082509335589,2,5,1
34,12.196636109973891,4.68362103529551,18.541759714061158,6,3,0
92,11.268778546969177,37.73106107992959,63.467450251274116,5,10,0
95,7.608394084655954,24.59655500528645,73.2376185272406,10,7,1
72,10.969994433029536,15.122373914468994,15.98748473897697,1,6,0
39,11.929709499708432,24.57090887642784,30.771518853387857,10,1,0
26,10.913737769909469,26.122207270273222,92.41050090354848,4,8,0
34,8.888389055024032,28.13558495111696,65.46830430096068,2,2,0
54,0.2933411409252762,22.061185682766325,32.16574169294785,4,5,0
3,11.741234154023019,30.287765156952833,72.1611794033206,1,9,0
50,3.368887702854393,45.93673553031887,63.709877796552064,2,8,0
12,12.851519378943792,18.113404354929557,55.14181299261536,8,2,0
65,15.18688655845732,36.28582316099745,97.85682774892753,6,9,1
54,10.00890618261483,44.72262784121161,71.5108399666758,2,5,1
5,10.847273299594766,22.798963787996847,43.78969987011214,6,10,0
94,19.029571193319825,22.172791819095206,82.00660888691812,10,6,1
94,16.943347227451483,30.105849267738975,89.6124963629069,9,3,1
57,18.2847303190294,29.570337971124406,21.26985035651483,7,3,1
17,16.275325766391727,40.32946711631385,28.049768006073982,9,10,0
47,2.1783668369346287,23.824169188914635,29.46043082150017,5,8,0
23,2.979837119403894,49.806147481972054,72.20906284478863,7,10,0
79,10.532475945379192,2.9735784433640386,64.2735599547955,7,10,0
85,4.921393175959965,0.15839242903508688,65.70924082287294,3,2,0
14,9.533909500823183,32.00991557798119,94.66959697205509,7,2,0
66,7.887306476367004,14.921745618093835,79.83203795265753,1,5,0
75,10.988284768609066,12.01911943497419,21.514323206060485,9,6,1
51,14.937514322716455,15.594954000214024,41.27563741826629,10,2,1
38,14.309818141985488,12.802378255247715,49.185428155816204,6,5,0
64,10.424682649706687,1.5395024830223925,45.63654298728444,5,7,0
98,16.447868376341162,48.576652119529435,70.23777482456913,7,10,1
38,8.617241830760667,11.037274422639086,90.27037929309063,5,10,0
50,17.93428579680245,36.70148812946532,37.54463171705092,10,8,0
98,1.4256054011032782,38.12981973470876,59.66894227790671,5,7,0
82,19.09320060066615,46.46286990036146,81.04684797222271,10,8,1
30,13.093861628626964,1.5274728546689986,47.45962529608144,7,9,0
79,7.601490178744106,43.602416922350386,25.130631555936628,10,5,1
91,3.943082531457547,26.361309041990012,52.745586873737345,7,5,0
51,9.583664588871999,31.627205498291396,14.970026866872562,3,10,0
63,3.8911664637060195,32.22351385605168,94.81451086020492,3,4,1
98,3.326632154862843,40.989890249236375,16.73390846754757,10,9,0
52,12.347035148259485,16.670366107955527,49.461104372552036,3,5,0
38,10.461694491635694,36.65255949299967,57.689313497967355,6,2,0
97,13.401920692218834,26.428905486109855,98.67734490585569,6,10,1
88,18.592117548439784,39.66970071526739,24.94196412785747,3,8,0
79,10.645204266780803,49.52730163850667,20.29883667511227,3,7,1
30,11.618641065255954,10.03255087018806,10.783553235628922,8,8,0
51,1.7925267830988423,49.732432077999896,24.001429318237207,8,3,1
81,14.35271571817259,4.4906077141387,28.654568116090086,7,4,0
5,7.998104136083124,0.11587739524069329,66.75228474247831,10,5,0
29,19.534504773251577,2.208096808891563,29.773611135226037,4,6,0
4,16.463480311913205,17.089120236838085,11.846873325639269,4,1,0
10,10.449620810322367,31.645316533921708,84.39565109522398,3,4,1
56,2.464453083443321,3.4514770443924814,42.90361309035701,5,10,0
17,17.188315865611784,0.2832907264783635,41.83270179226605,3,5,0
74,15.995621908480434,46.854551422939736,37.22311262511339,8,7,1
17,3.6917025907406598,41.09633179699648,97.78359494317787,7,5,0
84,5.9055657844062015,40.45915855695155,25.310387557835334,3,1,0
88,15.868145162956747,44.22121377509885,90.84142575579116,9,7,1
69,3.7045689309481933,35.00171363860522,79.91229989258991,5,8,0
34,18.355049783427546,5.220206487404072,16.883195994938177,9,7,0
6,8.490548503927238,19.95500940368615,98.80561913507638,7,4,0
53,1.7407792517531728,36.157474323231476,34.422936718510954,7,8,0
66,16.31497287008562,14.016723039576046,18.87246343201711,6,5,0
77,7.470193660767752,34.37031820681188,84.63828107131835,2,10,0
43,10.52998388307562,1.2249224133826175,73.60079803099299,9,9,0
75,2.2460868882243834,15.306867043979661,65.54969252901107,6,10,0
23,0.051680296899647704,27.456516813858634,24.038277732903985,8,5,0
55,12.759704115865953,31.604491475312113,53.06465046303657,1,1,1
80,10.303503406674633,28.852033223095543,80.25004241984924,5,9,1
95,11.870771382462944,34.88781380367148,37.32615443294562,1,5,1
75,15.874877007610326,0.3044374119919535,38.05208456635373,10,6,1
16,12.932118268457202,5.047059998876074,10.282681544330991,8,4,0
8,3.4954688565475434,43.447212613957255,25.68190614808416,8,6,0
4,7.215450382211996,34.08743220450806,88.78650626096508,1,8,0
4,18.11782209575521,5.646582134300565,49.75718424739364,9,3,0
56,15.39889400503358,42.10372186992896,98.58110493109906,2,5,1
25,11.132741158734344,12.111560891228345,45.61371672164133,9,2,0
67,5.112899956185446,23.912994209761173,74.36678093022171,1,2,0
96,6.041210036695901,7.259825644233015,35.37271386142562,10,7,0
67,14.63916135171269,35.50550282108533,42.742867702684016,9,10,1
27,17.023485217055416,33.34272105071339,27.165338883180517,4,10,0
93,13.428493390612289,10.55562355830681,41.23561316494555,9,10,0
32,16.190599515368834,43.17003834285009,59.25137683785788,7,6,0
50,15.333122704008119,20.06530121098561,99.25955928813245,6,4,0
61,2.9940793591391546,14.62575455353709,69.7781541764607,5,5,0
51,8.47889625826604,7.616479473226772,27.932135896748264,9,1,0
19,3.0596760165712533,13.308400625776873,14.046529743239603,2,7,0
21,4.704711696039697,1.1013460611908499,21.372083318305954,2,8,0
5,17.38519249302105,29.16287462280578,60.62996811457426,9,9,0
82,9.457839312663642,42.111537317197396,78.86442959350897,3,8,0
92,10.707162036853218,27.449022472082092,94.63772865706723,8,5,1
42,3.5689193045554424,10.963698096193786,11.424085479713874,9,3,0
61,6.24543572097592,1.683458910693636,57.04841274056828,8,10,0
22,4.604923368557399,10.731403662940142,52.37806206008591,4,9,0
21,4.123723290368528,20.806071403554615,69.04495197781335,1,6,0
70,12.759215866319401,37.98057143498983,60.362096901880776,4,5,1
1,5.137676952914296,9.392142626888706,71.83352355242326,9,3,0
5,12.64030972040837,35.98957266773431,69.22743262742713,2,6,0
12,1.169092282171078,43.34667341759418,20.531055237215156,3,3,0
90,2.835487870542037,22.697342405417853,81.97461222568477,10,10,0
46,5.490805080002508,41.071599582129664,21.090931814469236,8,6,0
34,11.940938337913833,27.73286740175478,72.86775626882235,6,4,1
49,13.516824901747519,31.854541854045248,47.453083087654605,8,2,1
78,8.854339335590542,26.313923016910135,56.24656611189381,7,8,0
90,8.915818291544578,23.158635837567086,91.29682129381395,5,4,0
45,14.490337027972362,11.732672088792468,90.08953538261379,9,9,0
27,0.3164218353116488,15.159702973052303,83.60706750895265,4,7,0
73,6.821800489484411,14.498505947180451,55.913354241069094,6,2,0
26,16.374141142384655,28.164446547690737,76.26158291204499,2,4,1
47,12.064388204267445,5.997684651194496,56.160734996692845,2,5,0
86,6.744542655108408,45.83958453511676,88.26454742272998,2,3,1
56,18.110495846593476,36.03275726415566,46.24982499096099,10,9,1
94,15.452454548987651,20.07228154565968,97.32118099733891,7,5,1
63,5.297908944734669,7.931207226318898,93.90904824059898,2,2,0
48,12.905796750514337,44.09960848608179,76.74423575066069,2,3,1
61,11.915014563779135,41.18890450505826,35.14742957584648,9,9,1
81,8.023758280779653,36.08607763585896,21.848822991393256,7,7,0
26,7.339121584096013,13.577352370562117,86.92331050838777,3,2,0
36,6.871209495514079,20.122331871683446,24.877205752416515,3,9,0
1,12.343115667912937,5.137412622621168,86.88347100976021,7,4,0
8,8.84819872961339,9.451976236376586,54.16885060411244,5,9,0
99,16.63726226502844,39.15083186583664,46.59011054272938,10,2,1
52,13.392052322679238,35.75193594253419,91.28717009509862,6,10,1
79,1.3986321141886826,29.674288148796734,64.34658842862501,8,4,1
47,12.80336447656332,44.78633629630864,61.8952606416746,9,5,1
56,5.4229487300036965,29.16332589065227,60.288935016195786,1,2,0
86,11.856239833068454,23.348399998180536,43.40525644175783,3,10,0
14,13.602638622069028,17.018537315288135,80.70787931762145,7,1,0
90,4.616583783080241,47.02242528680863,32.75185996141957,6,7,0
28,9.137172897607373,4.135773076217674,94.50054640371475,7,10,0
87,3.806497256381356,46.54436860304042,90.45866845422647,8,1,1
78,1.0467775157301662,41.33573299655092,40.37322931074084,6,8,0
88,7.5695284697173815,6.496496226785064,75.65173928484974,3,3,0
2,7.25888543691984,28.24921788376268,61.590087500463234,2,10,0
26,19.90960981408514,43.327399087454346,40.38843717993112,7,6,0
14,8.927047023952843,28.590458180357686,98.9669483195902,1,7,0
59,6.671390989444008,45.359991078031115,12.271361126343779,3,10,0
56,11.609500134333492,47.14919084080213,32.7381427559158,4,1,1
7,1.7753478821553692,21.119226109215294,56.80666550000353,1,6,0
3,19.233314719096263,18.86568307031618,56.97577031307075,5,7,0
23,12.699200911820663,46.81605769845784,63.00397674510077,10,6,1
18,15.096756398816956,33.7570030574834,77.65085548206274,3,4,1
38,3.409558763478351,5.801134067408464,66.11300474673668,2,1,0
99,8.189557060104079,2.11458746113406,64.02533144752333,3,9,0
15,8.45378226792379,28.231452549863157,14.816301662173895,8,4,0
64,16.436128878021737,46.50854827192123,43.887725901036845,6,7,1
89,0.02473359518818885,42.21243512029092,30.88501657310404,7,7,0
28,6.017062167065101,33.79238732321682,33.88331004417779,6,2,0
74,19.624727486886076,6.955792444554376,59.89037269063104,6,1,0
39,9.497730870124371,12.71156918743478,27.95547834366476,3,8,0
57,7.6505256048801655,43.77556132763081,36.45541909152078,8,8,0
17,2.396580040352927,9.140361832845024,31.337623766560608,7,7,0
86,19.483292572560313,13.921970412521729,95.36526488963753,7,8,0
90,0.40052711851648937,6.480032559772098,95.01991589539857,6,3,0
44,14.743604500144862,33.80541157072056,64.89474027364466,5,2,0
25,15.371996095770168,47.19911526816048,93.207022185871,10,7,1
17,4.873134321277332,13.448401579769298,80.72313809215359,8,8,0
13,13.431168872260745,23.770330392503684,63.09530945216279,5,1,0
84,1.8585828875877985,31.716986985560215,10.579169034711613,9,10,0
25,5.140945328641598,49.97331241078153,79.52646574714636,9,9,0
68,15.7580397658453,5.2404032498786055,73.22395074296219,1,4,1
10,17.293723840670804,24.928539975285457,65.37282879541726,6,4,0
67,12.169728253195826,19.256005995125,78.43818805142246,7,3,1
18,10.136768636409652,43.29100826111776,56.162994829728916,3,6,0
86,3.186080412379606,23.798386550582794,73.36749441892051,7,1,0
34,1.2621806615830033,5.548876229257404,94.1654878053844,7,6,0
8,2.3529805694711725,31.72120726432918,43.822451426147765,2,2,0
40,4.547146001921975,38.53903091319399,73.73096514105629,7,9,0
83,6.833490037938416,0.14406258328072963,52.811903620986286,1,2,0
42,7.618190510219744,42.947834271031475,70.69596866325834,5,7,0
41,6.926435371780071,9.30115000028328,78.66040019989278,9,1,0
6,4.7811066439453125,27.60346823266889,14.090725039221637,7,7,0
52,10.194484935033962,20.789875034372507,68.19403995537957,7,5,0
26,16.505722164657936,35.98269083052652,30.40670659662501,2,8,0
